Area,State,Latitude,Longitude
Gariadhar,Gujarat,21.58526640363018,71.67668387420619
Jaisalmer,Rajasthan,27.991877488770456,70.55820652481644
Pailani,Uttar Pradesh,25.860704316214704,80.40888305576162
Tiptur,Karnataka,13.131519033703956,76.49927323717355
Khaniyadhana,Madhya Pradesh,24.99400517197084,78.08376030747982
Chanchal,West Bengal,25.441642977345126,87.99691869752849
Digod,Rajasthan,25.20111150456587,76.21360820757593
Tiptur,Karnataka,13.150587830484733,76.52162233058698
Kotkhawda,Rajasthan,26.541721572177476,76.01885789577905
Etalin,Arunachal Pradesh,28.824069293684303,96.50091162252488
Leh,Ladakh,33.969424315966506,78.21402890827356
Saraikela,Jharkhand,22.66785494084878,85.92996481004188
Changtongya,Nagaland,26.546137607317252,94.69121944141065
Karur,Tamil Nadu,10.672268179698191,77.92558756528535
Korea,Chhattisgarh,23.199458726756706,82.20129216339726
Chikkamagaluru,Karnataka,13.09033293828486,75.61570063705466
Kekri,Rajasthan,25.980731686262978,75.09845387188224
Jamkhandi,Karnataka,16.611011230953736,75.40441420724335
Tuting,Arunachal Pradesh,29.065179990968677,94.74465869453162
Bindranavagarh,Chhattisgarh,20.380267049209202,82.18269714794702
Maharajganj,Bihar,26.117546447092536,84.54744695421762
Kalakote,Jammu and Kashmir,33.11110569753423,74.47628406836135
Birsinghpur,Madhya Pradesh,24.765017339629853,80.86075383871855
Beldanga,West Bengal,23.828944224684143,88.32182244306495
Dungarpur,Rajasthan,23.75705491207612,73.74902477257778
Jaisalmer,Rajasthan,27.525502146711844,70.16235466869249
Kishorenagar,Odisha,21.024861133606247,84.57153180023542
Holi,Himachal Pradesh,32.23619981134382,76.6077006148187
Navsari,Gujarat,20.73818061005543,72.92918224240596
Thakrahan,Bihar,26.781572696915706,84.3473614955337
Manika,Jharkhand,23.840835903957096,84.45769075343729
Nayakote,Odisha,21.71662835930099,85.28043972682177
Machilipatnam,Andhra Pradesh,16.201247409199297,81.18843584078226
Tonto,Jharkhand,22.46863440886532,85.48124769653448
Jama,Jharkhand,24.238850993583547,87.105260545478
Kolhapur,Maharashtra,15.879836022252778,74.33984234212103
Narayanpet,Telangana,16.576919568385893,77.78631746354576
Kapurthala,Punjab,31.247736403304287,75.2724157276327
Yavatmal,Maharashtra,19.97949153194308,78.5559544209704
Somvarpet,Karnataka,12.760618919304266,75.92339761959373
Kozhikode,Kerala,11.16858509415366,75.88048024705573
Doulathabad,Telangana,17.01682491228997,77.53391586662347
Jalgaon,Maharashtra,20.938745548271296,75.92210549776894
Barwani,Madhya Pradesh,21.6715193928083,74.5965471566702
Kundhit,Jharkhand,23.96580781120195,87.24427976123157
Rae Bareli,Uttar Pradesh,26.099882840899312,81.34134590414983
Samri,Chhattisgarh,23.287265643032995,83.96091389262313
Lohara,Maharashtra,17.934517844305788,76.31636527572822
Vijayapura,Karnataka,17.029027051010424,76.384571461295
Singanamala,Andhra Pradesh,14.889903568571569,77.76908337022209
Bhokardan,Maharashtra,20.123891434349844,75.73649321799685
Khliehriat,Meghalaya,25.206213825507763,92.33891098748707
Rongara,Meghalaya,25.196653767763525,90.8548955679287
Nakhatrana,Gujarat,23.169397484301086,69.30097974935546
Mohanpur,Bihar,24.476984763063875,85.1958771836577
Athmallik,Odisha,20.79684019014845,84.49562890835898
Mualnuam,Manipur,24.231285099284555,93.45179409042804
Jalgaon,Maharashtra,21.011188002182504,75.4276213098317
Gogamukh,Assam,27.37736416847791,94.4218997379232
Mudalgi,Karnataka,16.23679786734983,75.12910022825635
Vajrakarur,Andhra Pradesh,15.021472506894227,77.3377219728009
Zari-Jamani,Maharashtra,19.914041542787693,78.68427305068431
Akaltara,Chhattisgarh,22.128597476062808,82.36935965548483
Kattumannarkoil,Tamil Nadu,11.235282968055522,79.55533869413512
Nuagaon,Odisha,19.253497103693313,84.47089229205284
Virajpet,Karnataka,12.294514061537779,75.96411707748317
Lanka,Assam,25.944347631958646,93.05036202253106
Hnahthial,Mizoram,22.797067337383336,92.97756498809301
Phalodi,Rajasthan,27.16394848184532,72.35250057832182
Jodhpur,Rajasthan,26.95383886340902,72.90077481426123
Ngari Diqu,Tibet Autonomous Region,33.69745993127756,78.78366105401912
Mariahu,Uttar Pradesh,25.550662806625937,82.42387822168459
Nagaur,Rajasthan,26.904234958491735,73.82426494907925
Veppanthattai,Tamil Nadu,11.503852809504819,78.83429589053495
Mayabunder,Andaman and Nicobar Islands,12.623401554285165,92.8857823679847
Kalaburagi,Karnataka,17.464048843004925,77.37481256749021
Ratnagiri,Maharashtra,17.974215275740438,73.21390040655155
Gochhapada,Odisha,20.531712067881546,83.86980620664835
Amravati,Maharashtra,21.25667959836089,77.02078651695727
Ariari,Bihar,25.096453082013696,85.80588555787682
Amb,Himachal Pradesh,31.717220563312367,76.2338716891645
Buldhana,Maharashtra,20.65019661410455,76.19195695112711
Kuppam,Andhra Pradesh,12.715892096727309,78.55214294873774
Gangapur,Rajasthan,26.417614871940582,76.68063205137739
Pullampeta,Andhra Pradesh,13.825928340349513,79.36931826290552
Sondawa,Madhya Pradesh,22.008659421268256,74.09936136424093
Rajkot,Gujarat,21.869884688298896,70.89784192393981
Ramkrishna Nagar,Assam,24.46965592893408,92.47748194810731
Gangakhed,Maharashtra,18.776656763322464,76.72659161090651
Barghat,Madhya Pradesh,21.91616262852253,79.85012553236243
Nellore,Andhra Pradesh,14.460380496832654,79.82707812285744
Dhandhuka,Gujarat,22.341795580692832,72.07876824834497
Ratnagiri,Maharashtra,17.014177026862995,73.3450469403609
Barshitakli,Maharashtra,20.623906128037866,77.10065516627478
Belagavi,Karnataka,16.57766740319797,74.9103421009172
Khaga,Uttar Pradesh,25.868087815241246,81.09915351263507
Kaij,Maharashtra,18.684836555755012,75.91453013845974
Bah,Uttar Pradesh,26.801328430296397,78.70232007084255
Garautha,Uttar Pradesh,25.72212351136357,79.0494914353847
Khurja,Uttar Pradesh,28.091994677909184,77.9719566330782
Bodla,Chhattisgarh,22.473438514783624,81.20086582810933
YSR,Andhra Pradesh,14.731663670974314,78.81962794681296
Rann Of Kachchh,Gujarat,24.102228253650182,69.21575310783577
Mukhed,Maharashtra,18.60015275727423,77.48140724098181
Pushparajgarh,Madhya Pradesh,23.253241223027796,81.1876610832775
Khaltse,Ladakh,34.81534182013943,76.92034441175969
Kaza,Himachal Pradesh,32.76553085526169,77.77507399874594
Chamoli,Uttarakhand,30.432805150370477,79.64580556324229
Narayangarh,West Bengal,22.184680642846676,87.47564153166925
Mukerian,Punjab,31.889400160376606,75.91300781630926
Haveri,Karnataka,14.82725205315877,75.60686382739394
Nasrullaganj,Madhya Pradesh,22.703208583530742,77.07405766400905
Mariahu,Uttar Pradesh,25.57182700200962,82.56240062889407
Gangtok,Sikkim,27.354716575821307,88.5615195664683
Devipatnam,Andhra Pradesh,17.420181923992914,81.72403516303028
Bhairamgarh,Chhattisgarh,18.840647892921773,81.19680593938287
Madurai,Tamil Nadu,10.05916719122761,78.41711668890376
Dediapada,Gujarat,21.689181202931003,73.63961170504234
Barpeta,Assam,26.37012244388806,90.93627199531028
Parli,Maharashtra,19.126930555147048,76.38427386071963
Puraini,Bihar,25.580776560641795,86.97717025727903
Baori,Rajasthan,26.842262209015608,73.16328826171025
Anuppur,Madhya Pradesh,23.060952050506028,81.71091685593666
Kishanganj,Bihar,26.284927869940958,88.08168660147967
Ambad,Maharashtra,19.74845556380732,75.69561952394481
Lingsugur,Karnataka,16.167112257460587,76.64750768544441
Diglipur,Andaman and Nicobar Islands,13.079880426700884,92.89198978800587
Dholka,Gujarat,22.46709690575988,72.36212776383276
Deori,Maharashtra,20.85589230074699,80.28961148959665
Khaga,Uttar Pradesh,25.525614327817717,81.14388488465842
Dhule,Maharashtra,21.010034001601436,74.16324702684847
Chitalwana,Rajasthan,24.976649705311473,71.51695550720909
Pipu Dipu,Arunachal Pradesh,27.588668015273484,93.09203223185567
Karchhana,Uttar Pradesh,25.3730568405,81.89493679084384
Dzongu,Sikkim,27.614204576833036,88.20692570245298
Seoni,Madhya Pradesh,22.21978274881851,79.34357784523039
Garbeta,West Bengal,22.83223210898123,87.4384284396467
Bijawar,Madhya Pradesh,24.692609165193485,79.63026869440267
Bansihari,West Bengal,25.433936833757237,88.4183035405926
Yelandur,Karnataka,12.017076898714556,77.07064898030751
Lunglei,Mizoram,23.076528518612147,92.82270788793915
Amreli,Gujarat,21.73930087258178,71.24817056033967
Satara,Maharashtra,17.66644174848383,74.08330588754382
Wanaparthy,Telangana,16.353752388079023,78.19027527882167
Wayanad,Kerala,11.672590011218686,76.17315436518446
Domariyaganj,Uttar Pradesh,27.275672836958588,82.52841817112109
Karanja,Maharashtra,21.04260998120237,78.53531352811504
Samri,Chhattisgarh,23.351532190737622,83.95656316280315
Kalchini,West Bengal,26.767158861077235,89.43956526288727
Betasing,Meghalaya,25.481762359902426,90.03350940261133
Wajedu,Telangana,18.432143213202316,80.48870535554646
Rajkot,Gujarat,22.214706259127198,70.86347091709511
Peddavadugur,Andhra Pradesh,15.048222298886852,77.71416574804498
Kalanaur,Haryana,28.825826061180937,76.51146783628528
Sindhudurg,Maharashtra,16.251656441121003,73.64236383977871
Gadraroad,Rajasthan,25.855905092162864,70.91553766107288
Bichkunda,Telangana,18.42250105098581,77.71154505959093
Phaltan,Maharashtra,17.982263125497116,74.57086748777998
Birhu Kalan,Himachal Pradesh,31.572302408024573,76.35313077076191
Dhamtari,Chhattisgarh,20.27451128567614,82.0088025691114
Bari Brahamana,Jammu and Kashmir,32.69032218351834,75.01522502348627
Chomu,Rajasthan,27.136305880176142,75.76187817495331
Bengaluru Rural,Karnataka,13.273277366251376,77.24117639223536
Kamavarapukota,Andhra Pradesh,17.04311729880899,81.2567501716713
Kachchh,Gujarat,23.28825561120494,69.12190988820575
Kopargaon,Maharashtra,19.902763891155622,74.62073087351376
Bari,Rajasthan,26.54181857932449,77.73318040350598
Sarangarh,Chhattisgarh,21.538180268364247,83.16008470948911
Salempur,Uttar Pradesh,26.129476126272877,83.98057337867918
Hooghly,West Bengal,22.725221981850908,88.3237692895048
Dera Bassi,Punjab,30.60931665573361,76.9073801077123
Bhiloda,Gujarat,23.656692806649342,73.2216023120269
Jaisalmer,Rajasthan,27.075290912504276,71.0741017065595
Narasaraopet,Andhra Pradesh,16.235646473949267,80.07892527099393
Badnagar,Madhya Pradesh,23.21002567398581,75.45088882391752
Vijayawada,Andhra Pradesh,16.649632550110105,80.6474573569613
Kozhikode,Kerala,11.419713165419875,75.98279667023483
Phulpur,Uttar Pradesh,25.518686506539748,81.98637669182375
Koyyuru,Andhra Pradesh,17.660855512398115,82.26315119493484
Karwi,Uttar Pradesh,25.248803655235058,80.85619450699775
Kirnapur,Madhya Pradesh,21.776036200620965,80.44633386517363
Kachchh,Gujarat,23.768813796403993,69.3493406200536
Vita,Maharashtra,17.284570371269787,74.60576956535616
Mipi,Arunachal Pradesh,29.17355827835777,95.53032414576079
Aspari,Andhra Pradesh,15.517451828104393,77.48372469507457
Nainital,Uttarakhand,29.507530678375794,79.57467613184977
Khundian,Himachal Pradesh,31.84392886221586,76.37516386489968
Chikkaballapura,Karnataka,13.57764601053453,77.59788803539755
Gadag,Karnataka,15.258684518637898,75.63649248166006
Khawbung,Mizoram,23.02126230294256,93.27389428169843
Bansda,Gujarat,20.760205612341892,73.21241469835473
Jamnagar,Gujarat,22.303329407287677,69.99979907225398
Rann Of Kachchh,Gujarat,24.156819411347193,69.6345486942373
Harrai,Madhya Pradesh,22.48136655792836,79.2598195983347
Chandia,Madhya Pradesh,23.557722657539614,80.6186477486915
Baghmara,Meghalaya,25.382902940199077,90.7008499345429
Shahuwadi,Maharashtra,16.845555507902024,73.95249609782462
New Seren,Arunachal Pradesh,27.829119946425852,94.90261981664163
Rann Of Kachchh,Gujarat,24.15228244175391,69.21711730244309
Henglep,Manipur,24.485512175678938,93.42724375857262
Rampura,Madhya Pradesh,24.629453247659473,75.45483930800631
Anakapalle,Andhra Pradesh,17.737833285637336,83.02151550755191
Suratgarh,Rajasthan,29.317818430269394,73.83175683988095
Shekhala,Rajasthan,26.83059428972485,72.57052672378289
Sri Sathya Sai,Andhra Pradesh,14.00378377737872,77.28643841952767
Aurangabad,Maharashtra,19.954194917314325,75.50695872014005
Maredumilli,Andhra Pradesh,17.611903691216163,81.74327906008332
Rann Of Kachchh,Gujarat,23.287016465111755,71.41152876152411
Nanjangud,Karnataka,12.166126490446125,76.81398494207323
Pangi,Himachal Pradesh,32.894563932307385,76.67262497204223
Nakhatrana,Gujarat,23.574746915138014,69.12273373076216
Dharni,Maharashtra,21.298359341504067,76.78717766306153
Pandharpur,Maharashtra,17.901189915089073,75.1714932583015
Jamwa Ramgarh,Rajasthan,27.033524771265167,75.90854901732092
Khaltse,Ladakh,33.76696246600725,77.01842384141571
Barmer,Rajasthan,25.285739417939,71.7516095504345
Patan,Gujarat,23.91086261934778,72.08105602962496
Phek,Nagaland,25.740151928018307,94.4077852205039
Rangat,Andaman and Nicobar Islands,12.46176266873813,92.7389881907207
Kaman,Rajasthan,27.69071707188174,77.20261502457159
Silli,Jharkhand,23.416315683035325,85.87551281050662
Sardarpur,Madhya Pradesh,22.78433923560389,74.9679197455646
Kavathemahankal,Maharashtra,17.157887430490646,74.84542643843756
Chakia,Uttar Pradesh,25.07194994632564,83.17810165280389
Tamar I,Jharkhand,23.127015449900984,85.72752486750204
Manpur,Madhya Pradesh,23.70616781840984,81.20101096119407
Shekhala,Rajasthan,26.668030482098718,72.41482741998306
Sardarshahar,Rajasthan,28.596858671114845,74.68096373367054
Banera,Rajasthan,25.682596593523538,74.77494324284261
Teonthar,Madhya Pradesh,24.940175207354628,81.70462264759483
Vijapur,Gujarat,23.682525551719372,72.75423088860009
Tizit,Nagaland,26.876578507882254,94.96367726826595
Karnal,Haryana,29.691541565659396,76.94724959146967
Uttara Kannada,Karnataka,15.111759681351076,74.73770931999138
Leh,Ladakh,33.99271998089688,77.37126915356619
Migging,Arunachal Pradesh,28.77471409936261,94.63257084993009
Naraingarh,Haryana,30.511250915765448,77.07222636431835
Jamai,Madhya Pradesh,22.168633836727956,78.33706626403236
Kaithal,Haryana,29.868407213185343,76.4670587455981
Hingoli,Maharashtra,19.646245556268592,77.34767606787756
Gensi,Arunachal Pradesh,27.788075814487385,94.67039312362289
Khed,Maharashtra,18.88344086634465,73.76480363599114
Sohagpur,Madhya Pradesh,23.26254165674365,81.34024751544754
Jabalpur,Madhya Pradesh,23.429667850644513,79.94197730711832
Sardarshahar,Rajasthan,28.769419840448176,74.68620477928148
Khajuwala,Rajasthan,28.707037525902248,72.7954103474147
Sangli,Maharashtra,17.23259097391823,75.54390904378404
Saitual,Mizoram,23.752556287115002,93.1001481106833
Fatehpur,Uttar Pradesh,25.790621262871944,80.51232707321188
Latur,Maharashtra,18.56027138198411,76.6368392807911
Balrampur,Uttar Pradesh,27.629705610016664,82.1367726175706
Rae Bareli,Uttar Pradesh,26.111998750570383,81.24676186722218
Sarenga,West Bengal,22.83688139509818,86.9393521460605
Solapur,Maharashtra,17.819097601486746,75.0983900490216
Pilibhit,Uttar Pradesh,28.344618079075012,80.11215439676202
Rengali,Odisha,21.804291676169253,83.60065828213244
Jhadol,Rajasthan,24.300634126904516,73.4144183866499
Leh,Ladakh,33.025056096018176,77.78567675525312
Gir Somnath,Gujarat,21.036120841948023,70.70858835781375
Sirali,Madhya Pradesh,22.072689051664593,77.16839150412169
Anjaw,Arunachal Pradesh,28.013978336627822,96.9736773122993
South 24 Parganas,West Bengal,22.40291689072058,88.28165321898626
Pushparajgarh,Madhya Pradesh,22.898061620116657,81.65194891259016
Indore,Madhya Pradesh,22.5689798445894,75.75427889468978
Bijnor,Uttar Pradesh,29.09647473817674,78.27598453515743
Khatima,Uttarakhand,28.775833145509363,79.9717706999528
Handapa,Odisha,20.958066133762337,84.79193134882011
Saipung,Meghalaya,25.343047006686525,92.69363727977539
Mukerian,Punjab,31.977243494216687,75.59701322029287
Baliguda,Odisha,20.223091768875058,83.82294006237257
Kachchh,Gujarat,23.18392696055056,69.85628054562672
Thiruvalla,Kerala,9.371800560758977,76.6041130437566
Valigonda,Telangana,17.416352188019708,79.10850660027023
Chandpur,Uttar Pradesh,29.211223981851766,78.27316360350244
Leh,Ladakh,34.12519252658701,77.65660654653212
Tulsipur,Uttar Pradesh,27.606564597314165,82.31971954933414
Bhinga,Uttar Pradesh,27.74874982223075,81.87584913746858
Tibi,Rajasthan,29.325394940893,74.7063725059676
Byadgi,Karnataka,14.632848098119767,75.50077984893211
Sagar,Madhya Pradesh,23.762452825800363,78.91472847963821
Kolhapur,Maharashtra,16.662671609774726,74.22364078780834
Dholka,Gujarat,22.58758966424702,72.20531842483922
Supa,Karnataka,15.218704650441524,74.61271936126944
Bhagawangola,West Bengal,24.24578889012636,88.37803625233776
Orkel,Odisha,18.392770970368893,82.18231797870305
Navsari,Gujarat,20.952804016895385,72.98308980666015
Mirzapur,Uttar Pradesh,24.92886968587729,82.24378716997165
Thiruthuraipoondi,Tamil Nadu,10.363959561590596,79.51748803506044
Pilibanga,Rajasthan,29.2586051517231,74.09415743964398
Miao,Arunachal Pradesh,27.43724195606222,96.81894780592415
Wadagera,Karnataka,16.521687668161153,77.13821889997908
Chitalwana,Rajasthan,24.928361078141844,71.50803821818518
Suratgarh,Rajasthan,29.09123130578021,73.50650089476967
Sabalgarh,Madhya Pradesh,26.280951537679783,77.4431356435649
Nabinagar,Bihar,24.80338833211039,84.12630052213447
Birsa,Madhya Pradesh,21.793909065688666,80.65453027532165
Padum,Ladakh,33.46563724304827,76.85363551310719
Kulpi,West Bengal,21.978755019524893,88.23217218333087
Mauda,Maharashtra,21.181292976758094,79.40046881496751
Bhoranj,Himachal Pradesh,31.618911106427156,76.64634981411143
Washim,Maharashtra,20.002576873278997,77.19430323887035
Kovilpatti,Tamil Nadu,9.184908843402576,77.72616276944466
Manora,Maharashtra,20.36133504440465,77.49201268536066
Joshimath,Uttarakhand,30.79457915273035,79.91692736242015
Rann Of Kachchh,Gujarat,24.12956703809682,69.95359266717088
Sanku,Ladakh,34.05013870400938,76.47184300046179
Deglur,Maharashtra,18.561673292476097,77.52597290478154
Gool,Jammu and Kashmir,33.227859284174386,75.06932423297783
Majhgawan,Madhya Pradesh,25.034209155327634,80.60486618537786
Dunda,Uttarakhand,30.699038871277967,78.37094668149807
Beohari,Madhya Pradesh,24.084367947558626,81.33753210064383
Pachpadra,Rajasthan,25.941926912748425,72.59532812571756
Wada,Maharashtra,19.526639839648993,72.98476293602629
Ravong,Sikkim,27.464413989416048,88.39652022743128
Vijainagar,Rajasthan,29.055414899044727,73.4501636256731
Dindori,Maharashtra,20.395357385754345,73.77614308178075
Berasia,Madhya Pradesh,23.586014892066988,77.38519358486433
Koregaon,Maharashtra,17.512310796964854,74.1748041377013
Satara,Maharashtra,18.027119876409127,73.84953918801581
Chalisgaon,Maharashtra,20.40546038147179,74.99471328290255
Yelbarga,Karnataka,15.610363856973134,75.98312868329052
Mancherial,Telangana,19.044834483163243,79.48857152903851
Barmer,Rajasthan,24.91568490727669,71.15693066699644
Lanji,Madhya Pradesh,21.444435091361704,80.49436303028818
Malthon,Madhya Pradesh,24.23205931270132,78.6229152669149
Kampur,Assam,26.215575809636338,92.71345628012178
Nanjangud,Karnataka,12.145830586641319,76.82877821218996
Longtharai Valley,Tripura,23.668866158358213,92.03615391353333
Azamgarh,Uttar Pradesh,26.12552064026667,83.310928700431
Bilaspur,Uttar Pradesh,28.812710250334575,79.29273116440848
Pedi,Nagaland,25.64624330978339,93.90432844137902
Chomu,Rajasthan,27.21340370707242,75.58693515251099
Bijawar,Madhya Pradesh,24.760517962453715,79.42227105851688
Gossaigaon,Assam,26.68244008737205,90.1640377994084
West Bunghmun,Mizoram,23.304353730358955,92.52266395456513
Y. Ramavaram,Andhra Pradesh,17.946730397864933,81.98628372564222
Marakanam,Tamil Nadu,12.121253705358647,79.86438396913749
Lakhani,Gujarat,24.43395551298308,71.96393491373453
Chungthang,Sikkim,27.583348898004143,88.71514883928535
Haveri,Karnataka,14.762434465217554,75.34623499856826
Dhuri,Punjab,30.393749002346514,75.71230513508266
Tiruchirappalli,Tamil Nadu,10.882659733483306,78.93278201176648
Kalsi,Uttarakhand,30.602033588087178,77.8119919789166
Kusmi,Madhya Pradesh,23.87928028705177,82.20348862509626
Baloda Bazar,Chhattisgarh,21.711049709668632,82.09253427848938
Ambad,Maharashtra,19.45587743499687,75.69451961340845
Latti,Jammu and Kashmir,32.937646525250244,75.62466574354075
Khaknar,Madhya Pradesh,21.303233716210976,76.51618160395628
Bhadesar,Rajasthan,24.780934425034502,74.47908917688794
West Singhbhum,Jharkhand,22.11155259182403,85.65892467382433
Raipur - Karchuliyan,Madhya Pradesh,24.59341173025141,81.41529390846263
Boitamari,Assam,26.215002732249257,90.50575226836509
Sarmathura,Rajasthan,26.47060734670375,77.41672510326254
Hemgir,Odisha,22.07891996679639,83.59626410366363
Dungarpur,Rajasthan,23.861797444206477,74.16077347981862
Dodamarg,Maharashtra,15.756992251763231,74.00923352435134
Reasi,Jammu and Kashmir,33.073124652800125,74.82057424461516
Nemili,Tamil Nadu,12.905361917223775,79.50050942923303
Guhagar,Maharashtra,17.367081165580963,73.34050844277373
Shahapur,Maharashtra,19.36287165166123,73.53302907533681
Tharad,Gujarat,24.536545983890257,71.87362936865483
The Nilgiris,Tamil Nadu,11.508364991683496,76.90911655481135
Betul,Madhya Pradesh,21.561249389549687,77.70010475305567
Monyakshu,Nagaland,26.480704258910308,95.03430941734527
Khajuwala,Rajasthan,28.8670441610056,72.59587490245082
Dholpur,Rajasthan,26.6339969155698,77.6873599040232
Karatagi,Karnataka,15.491267856327886,76.68566707393049
Nagireddypet,Telangana,18.10598519461668,78.02636944264768
Konta,Chhattisgarh,17.85786136159804,81.01057491168031
Shahabad,Uttar Pradesh,28.570132571594904,78.96736554417103
Rompicherla,Andhra Pradesh,16.212632197151308,79.98906908470347
Tiptur,Karnataka,13.281039214573948,76.58041519650241
Kuchai,Jharkhand,22.846350939844935,85.59202611838177
Mansahi,Bihar,25.41556874263744,87.57884011189172
Pendlimarri,Andhra Pradesh,14.460083132323746,78.72377235574784
Kanakapura,Karnataka,12.405184722092038,77.29099333254548
Balrampur,Chhattisgarh,23.561540189226566,83.7830845865782
Pavta,Rajasthan,27.59307616408119,76.13990668103993
Thanakhamria,Chhattisgarh,21.786152184268996,81.44367291577358
Diphu,Assam,25.75755359977032,93.44733378167469
Sikar,Rajasthan,27.638126808922394,75.67014312669896
Pranpur,Bihar,25.5296313720713,87.72314750191849
Mawana,Uttar Pradesh,29.181717782368796,78.03973885648048
Semaria,Madhya Pradesh,24.799941447225866,81.285189479032
Parasia,Madhya Pradesh,22.266250455257858,78.82251409676869
Jagalur,Karnataka,14.474859061689617,76.33431498719364
Nagaur,Rajasthan,27.28283107657849,73.8282899001948
Palghar,Maharashtra,19.349333729894603,72.82831331316244
Thanesar,Haryana,29.94585583495319,76.90917409169155
Peapally,Andhra Pradesh,15.222769527736448,77.83874420980668
Idukki,Kerala,9.80128577445231,76.90106744988776
Khaprakhol,Odisha,20.675767642653042,82.89812610508974
Ziradei,Bihar,26.1398114428012,84.28266944736106
Lm,Manipur,25.15780734363317,94.39124635996419
Jaisalmer,Rajasthan,26.999604302861236,70.90148068624373
Sarada,Rajasthan,24.34120624772492,73.8346147182267
Jhalda,West Bengal,23.438305020346053,85.92938240023277
Sathupalli,Telangana,17.28111278741008,80.82611618883699
Rup Nagar,Punjab,30.95218718380151,76.68749031780149
Dambuk,Arunachal Pradesh,28.47524035823513,95.45584526222567
Chirang,Assam,26.505350882630072,90.66094652307766
Anakapalli,Andhra Pradesh,17.806658106198697,83.01615528156216
Gir Gadhda,Gujarat,20.836642873435075,70.87509894399442
Chhatarpur,Madhya Pradesh,24.534594594065847,79.6756737944165
Matia,Assam,25.99626783438245,90.68424730600356
Bariyatu,Jharkhand,23.857918730262817,84.83270652038091
Hosapete,Karnataka,15.038240465583067,76.40289208231559
Baririjo,Arunachal Pradesh,27.8553212239463,94.36810329902582
Hosanagara,Karnataka,13.932236755472177,75.30998445117437
Warora,Maharashtra,20.26578605184626,78.9310231251931
Buxwaha,Madhya Pradesh,24.306013486432157,79.28716086722608
Nubra,Ladakh,34.36031400582486,77.91670417583954
Bap,Rajasthan,27.390551779887637,72.77258802417204
Danghiwacha,Jammu and Kashmir,34.26328176204582,74.13859229525339
Panskura,West Bengal,22.326307837524386,87.69155407184358
Peddavadugur,Andhra Pradesh,15.069616905428179,77.75968370109166
Khamgaon,Maharashtra,20.56271943484571,76.48670748095735
Dobhi,Bihar,24.558235597769105,84.90686755406509
Atmakur,Andhra Pradesh,15.963492645289229,78.77809294290454
Hunasagi,Karnataka,16.44271854420608,76.53221000036976
Padum,Ladakh,33.31263941422483,76.75475467405616
Uttar Dinajpur,West Bengal,26.214534903087447,88.13546679075311
Lunkaransar,Rajasthan,28.776724961027423,73.46201477950012
Fatehpur,Rajasthan,27.889688421869234,74.76126026538934
Bareilly,Uttar Pradesh,28.18249840987181,79.56779404971707
Kulpahar,Uttar Pradesh,25.35963611389452,79.66770623599399
Nyapin,Arunachal Pradesh,27.724438062513283,93.43076611144681
Haridwar,Uttarakhand,29.7816900698961,77.97084164941307
Dalgaon,Assam,26.53512324379652,92.08330954054586
Purulia,West Bengal,23.58002790044021,86.62803118398855
Amravati,Maharashtra,20.803986485437417,77.74320997743396
Etalin,Arunachal Pradesh,28.642764940400678,96.02000379830838
Lormi,Chhattisgarh,22.218002085498185,81.62972230578862
Balaghat,Madhya Pradesh,21.899502118132027,80.27373000032945
Alipurduar,West Bengal,26.51103594588494,89.62559467112615
Thoothukudi,Tamil Nadu,9.100101445393097,77.80911830438906
Vandiperiyar,Kerala,9.446663064147035,77.2285434018968
Tirbin,Arunachal Pradesh,27.974149134980017,94.5707807830008
Peddavadugur,Andhra Pradesh,15.08382093667885,77.67018062301653
Nellikudur,Telangana,17.561239334545057,79.8372667288044
Keylang,Himachal Pradesh,32.464542955567836,77.49170828761723
Jalgaon,Maharashtra,21.238182685482087,75.47430133072116
Karwar,Karnataka,14.875267399138123,74.39749966865654
Chintamani,Karnataka,13.348842145356551,78.09415243317513
Konta,Chhattisgarh,17.953857287416305,80.9992853528779
Kozhikode,Kerala,11.50801683126687,75.6149960395084
Bhoranj,Himachal Pradesh,31.68245430078386,76.6507216831087
Tamnar,Chhattisgarh,22.149312449677943,83.50521851945972
Bharatpur,Chhattisgarh,23.640429667929453,81.87977476706921
Bhimpur,Madhya Pradesh,21.71520177129473,77.20630870200497
Sitapur,Uttar Pradesh,27.632568833744042,80.53864394254069
Leh,Ladakh,33.05605657302603,78.97642576326358
Silwani,Madhya Pradesh,23.242996083244083,78.5700806793273
Sheo,Rajasthan,26.297340338624547,71.69752507545678
Adhaura,Bihar,24.580026399973228,83.67696295376817
Kaza,Himachal Pradesh,32.01048728196734,78.35876553549957
Indri,Haryana,29.939488855126793,77.08338109362828
Manpur,Madhya Pradesh,23.50239190603088,81.08947766103383
Ajmer,Rajasthan,26.438264836467972,74.72693663243474
Gohparu,Madhya Pradesh,23.56159113155982,81.54980038254583
Veeraballe,Andhra Pradesh,14.091312809341071,78.96528640001218
Manjlegaon,Maharashtra,19.212277102914264,76.338516522411
Jaitaran,Rajasthan,26.391151201156823,74.25442679811555
Gandeed,Telangana,16.892850467307188,77.91923053934951
Kanpur Nagar,Uttar Pradesh,26.586377586637127,80.20817729776994
Rehatgaon,Madhya Pradesh,22.19576840922833,77.21387730450508
Bajengdoba,Meghalaya,25.82623418257452,90.40343903937638
Ramsar,Rajasthan,25.66542697839916,71.1373066162013
Pandavapura,Karnataka,12.488069631482357,76.53724936662451
Bajna,Madhya Pradesh,23.326465621969675,74.680147918075
Thiruvananthapuram,Kerala,8.733712185261034,76.81518451861169
Jaisalmer,Rajasthan,27.56562927710961,70.19136688142152
Berla,Chhattisgarh,21.388696970225148,81.54257998005839
Khamgaon,Maharashtra,20.642372830247904,76.64276873802021
Palakkad,Kerala,10.57360822376958,76.45915624677835
Darlawn,Mizoram,24.390229106138147,92.96043229581339
Jashipur,Odisha,21.87978543712233,86.44920445036331
Saharanpur,Uttar Pradesh,29.911131068862236,77.67308932303717
Haflong,Assam,25.48146488999232,93.19360830975779
Vemanpally,Telangana,19.128024746971178,79.75584817966137
Sadak-Arjuni,Maharashtra,20.98313403695282,80.18390298911447
Tarasingi,Odisha,20.07289955730878,84.73566194037929
Kaza,Himachal Pradesh,32.51115664815734,78.1421264533775
Chandauli,Uttar Pradesh,25.21287398736944,83.38231846046277
Hamirpur,Uttar Pradesh,26.113016208804936,79.94575489348479
Chiknayakanhalli,Karnataka,13.351531815071855,76.60142184654026
Fatehgarh,Rajasthan,26.666417059086267,71.06413324759849
Bilsi,Uttar Pradesh,28.1271252165884,79.01845593044918
Kallakurichi,Tamil Nadu,11.631767666330528,78.97796409417498
Manavadar,Gujarat,21.420843321090633,70.12194850070573
Charkhi Dadri,Haryana,28.442773223882636,75.93787747489773
Mokokchung,Nagaland,26.40341559325784,94.4408927183997
Baghbor,Assam,26.190199081796557,90.86653887025676
Pachpadra,Rajasthan,26.1306505853583,72.65860332042493
Surgana,Maharashtra,20.627238103791594,73.43241011415203
Udaipur,Rajasthan,24.55139534221202,73.94240528029027
Bilat,Arunachal Pradesh,27.941843679070875,95.16322396973251
Gidhaur,Jharkhand,24.232382864613104,85.05250059946931
Chaglagam,Arunachal Pradesh,28.33024379424028,96.54499431853172
Segaon,Madhya Pradesh,21.769516013225815,75.4121407492562
Ukhurl,Manipur,25.144973745062334,94.48667402618543
Kurwai,Madhya Pradesh,24.124980053677785,78.12893319797529
Sabla,Rajasthan,23.961039454433177,74.18720086231082
Pokaran,Rajasthan,27.678808651571703,72.01692523068097
Holalkere,Karnataka,14.203324255531502,76.19629307929269
Birbhum,West Bengal,24.139362431471245,87.75389977214166
Tamulpur,Assam,26.6370491217656,91.5465006606773
Darlawn,Mizoram,24.13408794926374,92.97437688468985
D H Pora,Jammu and Kashmir,33.5681442486461,74.94212131062788
Chikkamagaluru,Karnataka,13.373566531944892,75.38555304336886
Nandipet,Telangana,18.904432445503875,78.08098371944492
Dausa,Rajasthan,26.90096603999172,76.46918046610166
Fatehabad,Haryana,29.62076944276391,75.50623487462448
Jammu,Jammu and Kashmir,32.77010729141151,75.15802709200122
Raisinghnagar,Rajasthan,29.45562557302397,73.2413021530819
Ahmednagar,Maharashtra,19.39093905844576,75.28965036947059
Najibabad,Uttar Pradesh,29.698669089189984,78.24673972749821
Sitapur,Uttar Pradesh,27.376600266452204,80.48708191748615
Athani,Karnataka,16.884571681040207,75.304115799558
Thuamul Rampur,Odisha,19.633902259295787,83.07335704216867
Pithoragarh,Uttarakhand,29.507221348767025,80.1681022693127
Nakrekal,Telangana,17.26439272086335,79.47199416376262
Sinapali,Chhattisgarh,19.99270232114909,82.59408316659652
ফেনী,Chattogram,23.214007259089012,91.469650187015
Rajpora,Jammu and Kashmir,33.81949135140315,74.80954079426664
Chirgaon,Himachal Pradesh,31.183684801324922,77.98072567127099
Lakhpat,Gujarat,23.73074457002924,68.61758454451603
Murtijapur,Maharashtra,20.794846095462276,77.3663440366159
Anantapur,Andhra Pradesh,14.633756947384871,77.49740564903051
Zawlnuam,Mizoram,23.949401619601524,92.3169075252923
Dhyari,Uttarakhand,29.54365126558506,80.02405246567356
Kochinda,Odisha,21.721539153059204,84.4405755288579
Kannauj,Uttar Pradesh,27.009074507058678,79.48310341826395
Lalgudi,Tamil Nadu,10.957434576868737,78.87282166837993
Thalavadi,Tamil Nadu,11.679772020853555,76.94702168192394
Hosakote,Karnataka,13.212461041980028,77.88903242598974
Dapoli,Maharashtra,17.843534380062497,73.08058700426322
Thuamul Rampur,Odisha,19.740983134253593,83.08461746717865
Pali,Chhattisgarh,22.340576939891164,82.22711217846411
Makrana,Rajasthan,27.06644393667644,74.71208801644745
V.Saidapur,Telangana,18.149921209687406,79.36187965001625
Kodumur,Andhra Pradesh,15.73405276309275,77.69977206644403
Abhanpur,Chhattisgarh,21.086909523678727,81.86531596809027
Kalwakurthy,Telangana,16.685096937082367,78.56361827386988
Sikrai,Rajasthan,26.96327146693434,76.60775544962961
Nakkapalle,Andhra Pradesh,17.440505506489814,82.64422865293696
Peepalkhoont,Rajasthan,23.86894984676879,74.55898625081744
Barhi,Jharkhand,24.246570411921155,85.4524158002049
Karahal,Madhya Pradesh,25.62942048296807,76.88640011561692
Alongkima,Nagaland,26.666409239602842,94.5583944220697
Barabazar,West Bengal,23.005850814217318,86.26937998369273
Wakching,Nagaland,26.674244963718245,94.83686152556264
Mandu,Jharkhand,23.679003302126468,85.48490567762389
Kondapuram,Andhra Pradesh,14.979262915733841,79.73418798085778
Hindupur,Andhra Pradesh,13.870125621602156,77.59764931992618
Botad,Gujarat,22.297231204007687,71.66096513859573
Desaiganj,Maharashtra,20.681133780479275,80.02722535011881
Badvel,Andhra Pradesh,14.668783635256496,78.99244035502413
Palus,Maharashtra,17.04403471058695,74.49662666386682
Tiruppur,Tamil Nadu,11.08052913188032,77.32152921780722
Mahroni,Uttar Pradesh,24.521513767844464,78.80665953225062
Yelal,Telangana,17.175047171610622,77.54621579173471
Thiruvallur,Tamil Nadu,13.106359114932808,79.73865364922834
Dindori,Maharashtra,20.271702159593303,73.75403908903496
Chandauli,Uttar Pradesh,25.513744008496406,83.22384862447106
Kohima,Nagaland,25.69949553306769,94.12786256107037
Chengalpattu,Tamil Nadu,12.395642288428498,79.87351104038142
Gir Somnath,Gujarat,21.066730997947815,70.83184792843225
Ahmednagar,Maharashtra,19.135144542311625,75.41146107224837
Hindoli,Rajasthan,25.66575866516118,75.44985571656282
Ballia,Uttar Pradesh,25.706432633335808,83.98999196978777
Nokha,Rajasthan,27.326892239050274,73.4578309023842
Shivamogga,Karnataka,13.962265583946733,75.20703073189195
Chalisgaon,Maharashtra,20.35611580548634,75.02532702812061
Shabad,Telangana,17.21945633759646,78.10301949941032
Leh,Ladakh,33.59074166058665,77.40956157845112
Budaun,Uttar Pradesh,28.05398896055371,79.03219345998784
Bengaluru Urban,Karnataka,12.804394980507416,77.65887543873241
Athibung,Nagaland,25.547746831272562,93.4995222941993
Chhatarpur Nagar,Madhya Pradesh,24.8784334498457,79.50520359331988
Barwala,Gujarat,22.114391461385544,71.99186994040402
Bagalkote,Karnataka,16.033143039217137,75.93184152379537
Etalin,Arunachal Pradesh,28.53903333428358,96.16452218366138
Tanda,Uttar Pradesh,28.904493807725274,78.92708775565615
B.Kodur,Andhra Pradesh,14.86189843129791,79.00793447869275
Atpadi,Maharashtra,17.31858677997133,74.9479524238738
Bolpur Sriniketan,West Bengal,23.62467750470239,87.76773797238087
Kundhit,Jharkhand,23.88045441320548,87.23300987678593
Patan,Madhya Pradesh,23.247163807067142,79.72248401400387
Arjuni Morgaon,Maharashtra,20.758460162694877,80.2151882584969
Karbook,Tripura,23.468017019835,91.7842390418629
Paderu,Andhra Pradesh,18.03969044822562,82.6696590892997
Lunglei,Mizoram,23.048774256637685,92.71959596879019
Sulthanabad,Telangana,18.48120137154539,79.36327430179959
Ramtek,Maharashtra,21.37988830290363,79.48632847856354
Surendranagar,Gujarat,23.03170925499322,71.63783128846059
Rania,Jharkhand,22.82770520561034,85.0302231336182
Sangameshwar,Maharashtra,17.01464929636317,73.7317874846854
Bengaluru Urban,Karnataka,12.667626754730748,77.69184966462488
Bhuragaon,Assam,26.366309650040996,92.1893916721513
Zamania,Uttar Pradesh,25.403474875015647,83.69272996577686
Bairad,Madhya Pradesh,25.762016644842454,77.39059327488344
Pratap Nagar,Haryana,30.20947412444296,77.41290681739554
Egra,West Bengal,21.74097236865659,87.50949720306271
Telkapally,Telangana,16.38808835474353,78.4827904085464
Kallakkurichi,Tamil Nadu,11.78071093171557,79.09043506461722
Thiruppuvanam,Tamil Nadu,9.831020166825208,78.30847545422986
Athmallik,Odisha,20.80785923231906,84.45323962110487
Ausa,Maharashtra,18.143851917701284,76.5797869831698
Kolhapur,Maharashtra,16.51569842698318,74.08144512813402
Jhiranya,Madhya Pradesh,21.663752384033586,75.93181503195937
Osian,Rajasthan,26.886037404910837,72.53790985851366
Gosaba,West Bengal,22.197093304603396,88.74596318568092
Dhanbad,Jharkhand,23.677992835688922,86.51663866056435
Pachore,Madhya Pradesh,23.526127601833636,76.8444965521811
Bharatpur,Chhattisgarh,23.773900440492238,81.74309189884762
Kaloor Thimmandoddi,Telangana,16.162991152717407,77.5387842847819
Nagaur,Rajasthan,27.223754232438758,73.85078566164043
Chhotaudepur,Gujarat,22.32796383046931,74.01366485629389
Jhajha,Bihar,24.86190366976616,86.41396521592074
Khajuwala,Rajasthan,28.703439784814744,72.50344799620257
Mohammadabad,Uttar Pradesh,25.72964356412671,83.67515769354141
Gulabganj,Madhya Pradesh,23.751215492276152,77.8561064763531
Namchi,Sikkim,27.27469126513719,88.33381840718704
Karamchedu,Andhra Pradesh,15.858414770126071,80.29744941206741
Chikkodi,Karnataka,16.38691467268147,74.7027823752976
Lakhnadon,Madhya Pradesh,22.697353822653554,79.57829674500294
Duggirala,Andhra Pradesh,16.357927990282548,80.57545133678597
Kusmi,Madhya Pradesh,24.068821262323667,81.7250509855516
Domkal,West Bengal,24.17277452506155,88.56729603681632
Madurai,Tamil Nadu,9.654351709398185,77.87607395182674
Kinwat,Maharashtra,19.43515211688752,78.20580640520498
Durgapur,West Bengal,23.579083514571614,87.26437090155532
Soreng,Sikkim,27.218429564950068,88.1925489716836
Qila Darhal,Jammu and Kashmir,33.272421958093574,74.19730400281705
Udupi,Karnataka,13.3447980196792,74.77866513755791
Pokaran,Rajasthan,27.402300487108416,71.5914516684737
Malpura,Rajasthan,26.21769782316298,75.39067302414756
Gossaigaon,Assam,26.717620163131162,90.11633428820929
Thiruthuraipoondi,Tamil Nadu,10.620834472491959,79.63325582220737
Ukhurl,Manipur,25.111170801953783,94.21194617171581
Barabanki,Uttar Pradesh,27.015136727438282,81.13418144362703
Bicholim,Goa,15.622406023619149,73.93847289698931
Khair,Uttar Pradesh,27.910360669690018,77.83172971528825
Kandhar,Maharashtra,18.859336508159323,77.124281406014
Bhanvad,Gujarat,21.914964112349058,69.886264774735
Fatehgarh Sahib,Punjab,30.45794983202958,76.45134102251416
Munnar,Kerala,10.272247610397175,77.24994864900542
Mahendragarh,Haryana,28.084523714791914,76.05981126399553
Malkangiri,Odisha,17.971502887935628,81.62673762419179
Rampura,Madhya Pradesh,24.341673223267485,75.35531135465578
Rann Of Kachchh,Gujarat,23.63827696199572,71.29932535817345
Marsaghai,Odisha,20.4015832797762,86.53721125794881
Sirpur,Telangana,19.551312687493848,79.62799938622439
Gulabgarh,Jammu and Kashmir,33.387902755332895,74.89488443520793
Pali,Rajasthan,25.910972759351452,73.31981624082819
Abhanpur,Chhattisgarh,20.966101464601007,81.84320270381964
Bhavra,Madhya Pradesh,22.625225727940407,74.28873092855737
Bassi,Rajasthan,26.80603573305873,76.2187387519617
Dummugudem,Telangana,17.876503009571984,80.9776606594382
Dharmapuri,Tamil Nadu,12.208774597911473,78.18897386395335
Jadcherla,Telangana,16.858896008890213,78.2901841254735
Bhokar,Maharashtra,19.2094869500809,77.58343329294011
Kolayat,Rajasthan,27.613133628537067,72.85027690513455
Pethanaickanpalayam,Tamil Nadu,11.808094817551485,78.57890275454459
Chhindwara,Madhya Pradesh,22.118321259667066,79.07975326022694
Paroo,Bihar,26.11679624432771,85.08515548713183
Dhanaau,Rajasthan,25.359149970098287,71.14644863027448
Todabhim,Rajasthan,26.949993964840857,76.85089826493007
Rann Of Kachchh,Gujarat,23.645305204094413,71.35154478274245
Leh,Ladakh,33.30102514096055,77.52566392581498
Sandila,Uttar Pradesh,27.20055998943529,80.56772215798046
Giridih,Jharkhand,24.49153283333561,86.10190512169922
Almora,Uttarakhand,29.68903206318517,79.705801730836
Ratnagiri,Maharashtra,17.858801764544207,73.32223773436388
Tallur,Andhra Pradesh,15.651839263665645,79.76021522149766
Kolhapur,Maharashtra,16.665441724987524,74.3234114024331
Jhajjar,Haryana,28.536277629503648,76.60179127144139
Kalanaur,Haryana,28.846693049196226,76.51201680709931
Pen,Maharashtra,18.634586593044478,73.10690285306268
Radhanagari,Maharashtra,16.386621401235832,74.01421770251568
Marungapuri,Tamil Nadu,10.40111895906099,78.42107179004205
West Godavari,Andhra Pradesh,16.938144143428367,81.50170121103126
Pune,Maharashtra,18.144406355518974,74.78799616490365
Sawai Madhopur,Rajasthan,26.0757405386274,76.52485243980857
Pupri,Bihar,26.52140809783058,85.69854031258134
Keshiary,West Bengal,22.123840916877086,87.30370093211455
Naraini,Uttar Pradesh,25.16775744612002,80.43277621715428
Namakkal,Tamil Nadu,11.387783620786585,78.20203661110371
Tuipang,Chin,22.002121250433948,92.97319576652073
Sakoli,Maharashtra,21.032481686032426,79.96225673224822
Wadrafnagar,Chhattisgarh,23.653263998465324,83.26829187363418
Chandauli,Uttar Pradesh,25.300859307239993,83.3920066468094
Zahirabad,Telangana,17.617570267732837,77.55827339072061
Uthangarai,Tamil Nadu,12.336822864819785,78.56197136927328
Bhagwanpur,Bihar,25.526646620423044,86.05804436966883
Bikaner,Rajasthan,27.98663971402575,73.43868439772267
Desali,Arunachal Pradesh,28.196671518452188,96.19452313331229
Munsiari,Uttarakhand,30.496861865377127,80.12163823148575
Wanaparthy,Telangana,16.310381228107552,77.96635365511122
Kinnaur,Himachal Pradesh,31.547658141780346,77.9072785591919
Patoda,Maharashtra,18.880613043618276,75.38611113476155
Sudhagad,Maharashtra,18.701265036073742,73.28199739151721
Sidhauli,Uttar Pradesh,27.237330091189186,80.73297821676509
Pune,Maharashtra,18.08972471190836,74.80192724952953
Banihal,Jammu and Kashmir,33.41295237437345,75.31802847534567
Jannaram,Telangana,19.14187041665503,78.91549450890442
Mariyang,Arunachal Pradesh,28.626437549399576,95.1951978678446
Nandurbar,Maharashtra,21.58803052997046,74.0364348329789
Samri,Chhattisgarh,23.33996954438463,83.81930812195425
Peddavangara,Telangana,17.593968773970214,79.55447063840363
Berasia,Madhya Pradesh,23.50617146428671,77.44637630781214
Parseoni,Maharashtra,21.582340483708343,79.10722580415477
Kiphire,Nagaland,25.986603453697278,94.83029247282757
Dindigul,Tamil Nadu,10.29695010472573,77.50052345535799
Joura,Madhya Pradesh,26.44576896583181,77.64440625395703
Kawakol,Bihar,24.801030355607406,85.80152371386669
Fatehpur,Rajasthan,27.944206913653566,75.03920579371444
Hanumana,Madhya Pradesh,24.783246670997134,82.15000594394228
Joshimath,Uttarakhand,30.405225306669305,79.7039965372453
Banas Kantha,Gujarat,24.256639766071,72.42929053804747
Sathyamangalam,Tamil Nadu,11.517734467874082,77.02698503809341
Tansen,Madhya Pradesh,26.23530511227597,78.41492894530883
Chirang,Assam,26.623420402856528,90.3860769845703
Bathnaha,Bihar,26.651872999946587,85.56823729490353
Halol,Gujarat,22.33779773306609,73.58466283069399
Dindori,Madhya Pradesh,22.716278621616866,81.09346160257992
Kanaganapalle,Andhra Pradesh,14.492391523565967,77.41367701917062
Patiyali,Uttar Pradesh,27.78890446557604,79.1386951740896
Bichhiya,Madhya Pradesh,22.34475110260982,80.9653157620856
Banapur,Odisha,19.83276291441533,85.20444606936546
Golanthara,Odisha,19.184783427333887,84.75336916416595
Bagalkote,Karnataka,16.043698603274805,75.93043823111387
Gazole,West Bengal,25.150632405004554,88.13582746842779
Kamareddy,Telangana,18.218419547130825,77.99584749755078
Dudhi,Uttar Pradesh,24.14673269254354,83.16191036342441
Sihor,Gujarat 364260,21.548447330405537,71.99706238837237
Gandacherra,Tripura,23.63035983151905,91.91365943576994
Valparai,Tamil Nadu,10.466674610571268,76.94816204729254
Lunkaransar,Rajasthan,28.49511424925499,73.48762914052813
Faizabad,Uttar Pradesh,26.696818354181545,82.2562476740912
Padum,Ladakh,33.14111253955997,77.04521822451622
Mudigubba,Andhra Pradesh,14.346603513258536,78.12716415863821
Sanchore,Rajasthan,24.781908176642833,71.68417636063904
Veldurthi,Andhra Pradesh,16.325892638780505,79.33567654338874
Cumbum,Andhra Pradesh,15.507916274282112,79.00118779050803
Baragaon,Odisha,22.12779970589132,84.1906155565365
Brahmapur,Odisha,19.369808924320324,84.84175015831185
Murwara,Madhya Pradesh,23.746792015355965,80.46275431160157
Kendujhar,Odisha,21.65731388024246,85.42090917036582
G.Madugula,Andhra Pradesh,18.042713852830097,82.6374994815123
Pokaran,Rajasthan,27.424356408772756,71.69533410618064
Bhandaria,Jharkhand,23.69915282697086,83.95988675778433
Manapparai,Tamil Nadu,10.486699614991544,78.32652668303852
Sulthanabad,Telangana,18.525658984736648,79.36440343988224
Jajapur,Odisha,20.857297492069634,86.33619216757549
Bijbehara,Jammu and Kashmir,33.79787946722603,75.06899646190335
Sikandra,Bihar,24.875531351054498,86.10152170269102
Ghoghardiha,Bihar,26.240180039082485,86.50948729411296
Sajjangarh,Rajasthan,23.213384173828715,74.33468185440499
Pachhad,Himachal Pradesh,30.748774174857363,77.21827598685482
Dwarakatirumala,Andhra Pradesh,16.99829304752008,81.34965395275752
Ranibennur,Karnataka,14.681213011384274,75.5788041573703
Rehti,Madhya Pradesh,22.785924874466488,77.5213521232249
Khuntpani,Jharkhand,22.52849923622936,85.68319541558331
Bhiwandi,Maharashtra,19.40197459030825,72.99391303696488
Lehra,Punjab,29.923376665612867,75.95286658759385
Rae Bareli,Uttar Pradesh,26.105219048073565,81.24208540008317
Basavana Bagevadi,Karnataka,16.58753905153948,76.1975803481335
Dindori,Madhya Pradesh,22.867418884270425,81.1592298280685
Sirwar,Karnataka,16.195503899599338,76.88711490095702
Zamania,Uttar Pradesh,25.340090479412716,83.55021705463366
Prakasam,Andhra Pradesh,15.483930643179713,80.02158680654757
Ashti,Maharashtra,18.729690685876058,75.15675618927406
Chungthang,Sikkim,27.94284968315044,88.62837043094078
Haridwar,Uttarakhand,29.89649504242768,77.86040466569733
Doom Dooma,Assam,27.530684463991534,95.38991469878141
Damoh,Madhya Pradesh,23.771773268237855,79.31444285428186
Bharuch,Gujarat,21.730459252230453,72.9629993478255
Giridih,Jharkhand,24.445705901809944,86.14519550051958
Rohtas,Bihar,24.91920801629254,84.1269446440118
Haridwar,Uttarakhand,29.84638759962341,78.05460918702713
Nahar,Haryana,28.438949765826287,76.34221599174013
Kachchh,Gujarat,23.841428920377307,69.72272616083765
Bindranavagarh,Chhattisgarh,20.42767974287709,82.27814867040952
Lakhimpur,Uttar Pradesh,28.104434090620913,80.71042726992813
Surajgarh,Rajasthan,28.236213215311356,75.80879137372654
Rapur,Andhra Pradesh,14.288786484210771,79.49074460875609
Bithan,Bihar,25.67441929564702,86.30766137031631
Kozhikode,Kerala,11.293971913382537,75.96900750837985
Khengjoy,Manipur,24.11458043801979,94.06542582490027
Talaja,Gujarat,21.20142601846475,72.05102922298867
Chatra,Jharkhand,24.227770284268523,84.89705876317004
Rajapur,Maharashtra,16.76601673108094,73.60373547470402
Rae Bareli,Uttar Pradesh,26.321971478279384,81.11141174898907
Kundheigola,Odisha,21.378916370439665,84.84559427869891
Sirmour,Madhya Pradesh,24.78293618605512,81.52530024720423
Lambhua,Uttar Pradesh,26.13815148329748,82.0671950916331
Nagrakata,West Bengal,26.8078498989456,88.875451091933
Kawardha,Chhattisgarh,21.935510264811434,81.22312237357652
Koraput,Odisha,18.739978094068082,82.6991076887091
Kargil,Ladakh,34.41660222503445,76.33879264994977
Sawar,Rajasthan,25.788386274082043,75.26982395293386
Nadoti,Rajasthan,26.768756620981094,76.74784277172952
Kishtwar,Jammu and Kashmir,33.51495858606633,75.58126611524321
Hassan,Karnataka,12.866430487376752,76.35404483510642
Limbdi,Gujarat,22.604506305842715,71.7629839944251
Ardhaveedu,Andhra Pradesh,15.771794883527551,78.80875218760261
Pratappur,Jharkhand,24.36807700847498,84.54178626407284
Jaisalmer,Rajasthan,27.441771570365873,71.23551368134935
Ambala,Haryana,30.28818307262043,76.7695366015272
Mandi,Himachal Pradesh,31.70413160194109,77.00896698981293
Ambasamudram,Tamil Nadu,8.76128755465626,77.32929855507965
Dhanaulti,Uttarakhand,30.48244633190403,78.2219254084645
Hanur,Karnataka,12.072752223356296,77.26955372944835
Ghatol,Rajasthan,23.727252794753046,74.400798699882
Kalaburagi,Karnataka,17.42123254741326,76.75295490749119
Alibag,Maharashtra,18.644853831194382,72.95464059171523
Amravati,Maharashtra,20.708053173104247,78.27342241785485
Mukto,Arunachal Pradesh,27.53071753067353,91.83067013928188
Fatehpur,Uttar Pradesh,25.83137361537598,80.61190473932763
Sadak-Arjuni,Maharashtra,20.981950440633533,80.16186915936743
Mahabubabad,Telangana,17.40048537400235,80.08704298313003
Dataganj,Uttar Pradesh,27.736380168895163,79.20466123721934
Payakaraopeta,Andhra Pradesh,17.35122953072594,82.62080898485746
Bheemini,Telangana,19.2536342631064,79.58429522239726
Solapur,Maharashtra,17.28320189695338,75.54444543488506
Raybag,Karnataka,16.50936466884048,74.75319152439508
Charkhari,Uttar Pradesh,25.575413528537783,79.8397185097709
Kaza,Himachal Pradesh,32.049939421990715,78.39171929388237
Uthangarai,Tamil Nadu,12.216485051185314,78.56689171824982
Sultanpur,Madhya Pradesh,23.24717867965796,77.97397477220666
Maksoodangarh,Madhya Pradesh,23.94356908504148,77.2835300342372
Dharwad,Karnataka,15.138901477574814,74.98876040332733
Seetharamapuram,Andhra Pradesh,14.951967390493001,79.19748897674758
Sanchore,Rajasthan,24.744788042638234,71.97841969927083
Aranthangi,Tamil Nadu,10.218558578789741,78.93971391675225
Orai,Uttar Pradesh,25.847184813982587,79.37977141639827
Veppanthattai,Tamil Nadu,11.344434053495181,78.85364271801801
Bari,Rajasthan,26.596136202265136,77.65627843112593
Umbergaon,Gujarat,20.264698160921874,72.90153019004207
Sibsagar,Assam 785665,26.962812300991505,94.63042782912959
Chandla,Madhya Pradesh,24.968759370296183,80.12920896930439
Nubra,Ladakh,34.305162114101314,77.91502207654295
Chamba,Himachal Pradesh,32.55622168249964,75.9534202245624
Prakasam,Andhra Pradesh,15.59775088049378,79.09844562990159
Dahej,Gujarat,21.701916317372266,72.6574396217653
Pokaran,Rajasthan,27.304882490482328,71.66067329790519
Jaisalmer,Rajasthan,27.20426117770211,69.67953650001229
Kantabanji,Odisha,20.39966467596464,82.86225111828116
Valsad,Gujarat,20.618915616879306,72.94157577417805
Potashpur,West Bengal,21.95473353015625,87.54230810137268
Lakhimpur,Uttar Pradesh,27.946199251650544,80.93158191933036
Patur,Maharashtra,20.40777783087063,76.91172057595274
Vizianagaram,Andhra Pradesh,17.990579797416768,83.25119542098595
Malarna Doongar,Rajasthan,26.226702137703604,76.33516188454864
Tamkuhi Raj,Uttar Pradesh,26.69612639364634,84.27963125126152
Pusad,Maharashtra,19.733170149363083,77.3923580690849
Banas Kantha,Gujarat,24.125311771053084,72.47755453634451
Barharwa,Jharkhand,24.84029062023274,87.80496571106123
Beed,Maharashtra,19.07143454737709,75.992538889351
Khawbung,Mizoram,23.281907763540865,93.34867157474055
Ramanathapuram,Tamil Nadu,9.388053062649423,78.85348573537232
Pachpadra,Rajasthan,26.23984346034322,72.42765950506424
Amdabad,Bihar,25.381786115182813,87.69819369844323
Kargil,Ladakh,34.44079445259502,75.86932113251453
Bibhutpur,Bihar,25.6954423192185,85.95428396353788
Sardarpur,Madhya Pradesh,22.642164500418648,74.9197232615745
Therlam,Andhra Pradesh,18.5163484463556,83.61199206610942
Khandar,Rajasthan,25.983348184110184,76.79113773549133
Seppa,Arunachal Pradesh,27.215092315206004,92.94905587823908
Sangareddy,Telangana,17.70898317126898,78.15178185108464
Nanded,Maharashtra,19.173653973377036,77.59197090407375
Kandhamal,Odisha,20.487320559122615,84.26229335662718
Kachchh,Gujarat,23.533481974977217,68.68873639972084
Chittur,Kerala,10.394415479588881,76.68707661144691
Ngari Diqu,Tibet Autonomous Region,30.923796809096977,79.79328635143318
Jhabua,Madhya Pradesh,22.86280192419543,74.64217840828437
Pudukkottai,Tamil Nadu,10.131765081317447,78.92694539859882
Hanumana,Madhya Pradesh,24.768863683229245,81.95434139383846
Madhogarh,Uttar Pradesh,26.206557437291018,79.24999085725867
Marwah,Jammu and Kashmir,33.89063089188784,75.79603266579144
Karjat,Maharashtra,18.587848560957084,75.0573788401496
Motu,Odisha,17.869041150958033,81.5846501101389
Nagaur,Rajasthan,27.40503426512148,73.7063691762398
Wakro,Arunachal Pradesh,27.87085715501624,96.53173777334982
Mipi,Arunachal Pradesh,29.18152598671099,95.7640709507937
Jaipur,Rajasthan,26.733983375010293,76.13933413930505
Satwas,Madhya Pradesh,22.453674566095593,76.50429592764002
Hunli,Arunachal Pradesh,28.410067879288654,95.99112808303144
Mandya,Karnataka,12.789333115266622,76.74925665902784
Sohiong,Meghalaya,25.57750137881608,91.75053540242835
Galiveedu,Andhra Pradesh,14.048032192999724,78.49163177997563
Kanniyakumari,Tamil Nadu,8.188501215550492,77.23542430980599
Darlawn,Mizoram,23.95155920365581,92.9587132565116
Aurangabad,Maharashtra,20.443181441482743,75.42919653502666
Ahmednagar,Maharashtra,18.639599602044072,74.91795688133435
Tandur,Telangana,19.22299890806011,79.33718084554832
Gangolihat,Uttarakhand,29.55482104825973,80.05601436437995
Niwai,Rajasthan,26.53112843926067,76.10671178857497
Patharia,Madhya Pradesh,23.934840025543835,79.16788120525652
Barkatha,Jharkhand,24.17603347382641,85.661930090153
Igatpuri,Maharashtra,19.76156521388117,73.72094876893809
Gensi,Arunachal Pradesh,27.7159143982563,94.3634654489546
Shahdol,Madhya Pradesh,23.204622237047708,81.54166090680216
Man,Maharashtra,17.683019924389647,74.62733331222022
Shahjahanpur,Uttar Pradesh,27.781758665776003,79.80473533221887
Dudhi,Uttar Pradesh,23.919174112551225,83.11676243672186
Babra,Gujarat,21.86358141469399,71.0797844161831
Jhajjar,Haryana,28.553414509516355,76.71515305865589
Tiruvannamalai,Tamil Nadu,12.117836420077586,79.02943454385792
Kalaburagi,Karnataka,17.0275084404794,77.33314098619104
Bhikiyasain,Uttarakhand,29.62723563287642,79.2007215575269
Barhara,Bihar,25.68062419433481,84.79270140174113
Didwana,Rajasthan,27.29448582338917,74.40933229069122
Kothagudem,Telangana,17.465215710389167,80.64616935128645
Singa,Arunachal Pradesh,28.88450359706347,95.18375655638319
Bilha,Chhattisgarh,21.997812381310116,82.18931932256325
Shahade,Maharashtra,21.471788409211932,74.6493665703235
Amreli,Gujarat,21.222878909068303,70.91681594385939
Shahpur,Bihar,25.621525371683795,84.3955381328244
Ahmadabad,Gujarat,23.391155421439965,72.02087601998406
Malerkotla,Punjab,30.60986412812791,75.88472126848986
Karauli,Rajasthan,26.722639342329604,76.71522597078425
Sironj,Madhya Pradesh,24.180716708706612,77.64998016928588
Tarabganj,Uttar Pradesh,26.989593328582746,81.99689243251245
Rasipuram,Tamil Nadu 637406,11.443620898534643,78.25183968248786
Gadchiroli,Maharashtra,19.380205806018296,80.3549584882484
Kota,Chhattisgarh,22.555582399564283,81.92985201199993
Kusmi,Madhya Pradesh,23.977993886500954,82.1852096638404
Dhanora,Maharashtra,20.273654099075213,80.35132723053606
Santalpur,Gujarat,23.932705978342906,71.4469219257574
Khanpur,Gujarat,23.353954829282035,73.62802290311181
Vellore,Tamil Nadu,12.7412004154708,78.96598179554873
Churu,Rajasthan,28.35949147914758,74.38811474287678
Theni,Tamil Nadu,9.910466282790502,77.57896907535603
Hosapete,Karnataka,15.18385952183736,76.34361612625189
Bhiwani,Haryana,28.646612607412106,76.00021058904565
Chikkamagaluru,Karnataka,13.33661311191241,75.5233797592349
Etah,Uttar Pradesh,27.495110834820263,79.17584735176837
Atchampet,Andhra Pradesh,16.593415399034107,80.23594946142701
Gensi,Arunachal Pradesh,27.764719043115704,94.33738880588922
Warisnagar,Bihar,25.922904726999395,85.95022058627453
Kalyan,Maharashtra,19.216737439865945,73.23110554092398
Mawana,Uttar Pradesh,29.122737811377814,77.98824854252544
Ahmednagar,Maharashtra,19.06378405132299,74.35770243162251
Muzaffarpur,Bihar,26.091300916782252,85.1326071075278
Sheo,Rajasthan,26.11490708834231,71.27099624273583
Gangarampur,West Bengal,25.390257316714283,88.44530229303878
Udaynarayanpur,West Bengal,22.631938187877232,87.96791693094274
Dornala,Andhra Pradesh,16.184223983723577,79.05659499386937
Chhura,Chhattisgarh,20.901160909664803,82.04734559381309
Jabalpur,Madhya Pradesh,23.56028374044938,80.18376827041023
Darbhanga,Bihar,26.088781808501192,85.90392884509936
Koraput,Odisha,18.795326466628335,82.60956339239934
Dudhi,Uttar Pradesh,24.211389289448004,83.16503041871482
Jalandhar,Punjab,31.403455188867127,75.7900227098218
North 24 Parganas,West Bengal,22.72168107511444,88.79782264336916
Haveri,Karnataka,14.909746009511512,75.58029282133322
Suratgarh,Rajasthan,29.186249064932305,74.0543667670974
Chhachhrauli,Haryana,30.35968890596438,77.43504357865407
Sonbhadra,Uttar Pradesh,24.554070135540922,83.03625098965064
Surajgarh,Rajasthan,28.231868429112147,75.81651053992557
Jaisalmer,Rajasthan,27.959719079757612,70.41031200532082
Challakere,Karnataka,14.335690717148282,76.63650412854847
Tenkasi,Tamil Nadu,8.909856029767255,77.34969844201841
Bavla,Gujarat,22.782404630538526,72.37086170337655
Rajgarh,Jammu and Kashmir,33.310239837790135,75.41070629007145
Suriya,Jharkhand,24.19724394023253,85.92836599254214
Mehkar,Maharashtra,20.231242531413518,76.78612724802257
Leh,Ladakh,34.2448425884522,78.71970205746113
Katghora,Chhattisgarh,22.326588332379234,82.58526865437025
Udumalaipettai,Tamil Nadu,10.39505822100665,77.27038944713681
Jalore,Rajasthan,24.93212501454958,72.16939156225114
Singrauli,Madhya Pradesh,24.072174872069414,82.55100606742725
Erode,Tamil Nadu,11.47895212341718,77.11729391860031
Tadepalligudem,Andhra Pradesh,16.887722102711336,81.58504609632372
Kishtwar,Jammu and Kashmir,33.28441650768731,75.77834789684778
Kachchh,Gujarat,23.314314146413704,69.41842800578061
Birhu Kalan,Himachal Pradesh,31.433800234902375,76.4127008734523
Jagalur,Karnataka,14.59906433083345,76.22435091865795
Kargil,Ladakh,34.46127177622244,75.88410141598156
Suriya,Jharkhand,24.17732062100189,85.77333704615164
Daru,Jharkhand,23.966955732679594,85.57869495460372
Sindhari,Rajasthan,25.72348353685655,71.92791252334014
Sironj,Madhya Pradesh,24.06935894840282,77.85915807107224
Powayan,Uttar Pradesh,28.28631627051453,80.15828214359573
Sitamau,Madhya Pradesh,24.048688465933914,75.5252445475686
Chakarnagar,Uttar Pradesh,26.53339049983324,79.04437847759492
Selsella,Meghalaya,25.69831066465505,90.04724979718023
Sohela,Odisha,21.27011405569546,83.4784734819332
Nabarangpur,Odisha,19.376423615661604,82.39219304538565
Muniguda,Odisha,19.576789619825732,83.72686145999916
Malthon,Madhya Pradesh,24.354376022041105,78.4808128122304
Rajsamand,Rajasthan,25.156015091338638,73.9662734212576
Amla,Madhya Pradesh,22.01026770080734,78.33044687321038
Jaisinagar,Madhya Pradesh,23.70662403105843,78.53832551681542
Madanpur Rampur,Odisha,20.32856022062159,83.60012646301301
Amreli,Gujarat,21.485627018833586,71.47889916066931
Chikkamagaluru,Karnataka,13.71665445482456,75.7987315667679
Dharamjaigarh,Chhattisgarh,22.261408009467225,83.19883578720433
Sardarshahar,Rajasthan,28.69442007065341,74.61918861835869
Garhi,Rajasthan,23.66728185148947,74.21929809162049
Zawlnuam,Mizoram,23.882304054582477,92.4253336259985
Raybag,Karnataka,16.363941559046122,74.7973173226488
Jaisalmer,Rajasthan,27.07403384169931,69.66425651983336
Jukkal,Telangana,18.402689992001672,77.63964488640683
Sri Sathya Sai,Andhra Pradesh,14.25768207497414,77.88165265390684
Chandrapur,Maharashtra,20.131128253092633,79.9088269461757
Hassan,Karnataka,12.740421347391147,76.23686289279146
Gogaon,Madhya Pradesh,21.72858159562397,75.54738543066097
Khaltse,Ladakh,34.72503203648055,76.76715392680558
Jalalpore,Gujarat,21.034246934521377,72.81001702402942
Arvalli,Gujarat,23.29105093356351,73.19990951105285
Karauli,Rajasthan,26.706224487381274,76.92119551215522
Belagavi,Karnataka,15.809594086002885,74.29091212817966
Wadwani,Maharashtra,18.92667206583583,76.0038879513257
Ragunathpally,Telangana,17.723083989755487,79.21691380410041
Gandhinagar,Gujarat,23.5020253609577,72.69888601013771
Dharamjaigarh,Chhattisgarh,22.205047621788747,83.1517008334884
Atru,Rajasthan,24.855976892547698,76.70505584828341
Pooh,Himachal Pradesh,31.638532726917298,78.51277163521392
Hisar,Haryana,28.997271081308863,75.65079426712315
Joshimath,Uttarakhand,30.754014287727873,79.9157850406362
Khamgaon,Maharashtra,20.619402411718983,76.60504823533662
Indapur,Maharashtra,18.24273592623063,74.93865951732376
Lakhpat,Gujarat,23.712909383935145,68.94484237122995
Jalna,Maharashtra,19.91655511166657,76.06308440729123
Maski,Karnataka,15.890658858751815,76.46503284914752
Obulavaripalle,Andhra Pradesh,14.062850013734854,79.3196059139369
Garhakota,Madhya Pradesh,23.657304288488433,79.34903995405763
Ranka,Jharkhand,23.892092673189385,83.79573527684312
Bhopalgarh,Rajasthan,26.572641667320273,73.42025266449737
Jaitaran,Rajasthan,26.35704121475697,73.91880552600284
Mathabhanga,West Bengal,26.430421653900957,89.11011297719317
Umling,Meghalaya,26.035079231719447,92.13383920262345
Babulgaon,Maharashtra,20.551570496708997,78.02054968167667
Marwah,Jammu and Kashmir,33.55156597036007,75.9789004827671
Gomia,Jharkhand,23.78384269065522,85.69823350699917
Kanchanpur,Tripura,23.77330180546356,92.1678316672344
Bodla,Chhattisgarh,22.11160731307946,81.09104677067164
Dudhi,Uttar Pradesh,24.318671624551303,82.78831429638147
Margherita,Assam,27.59917661233679,95.77646449080527
Banera,Rajasthan,25.44310750378972,74.70083749042621
Pushparajgarh,Madhya Pradesh,23.049315217372474,81.48082316152014
Kandaghat,Himachal Pradesh,31.000455615427708,77.11342214333838
Chadachan,Karnataka,17.131499214489743,75.68620649815647
Tetiha Bambor,Bihar,25.042808512761273,86.56244487108468
Bajju,Rajasthan,28.001054468677967,72.5800052786843
Balrampur,Uttar Pradesh,27.44087186774416,82.12017399887912
Haflong,Assam,25.347037010770013,93.42645796332216
Didwana,Rajasthan,27.428675578619472,74.50212436910275
Ichhawar,Madhya Pradesh,22.967479284243733,76.93108112870569
Mandsaur,Madhya Pradesh,23.998178703717684,75.63089060564778
Chitradurga,Karnataka,14.39960415825078,76.208255091628
Prayagraj,Uttar Pradesh,25.07731058151852,82.10866721182764
Jhalda,West Bengal,23.41613960735395,85.91873418115787
Khambhalia,Gujarat,22.060681839695928,69.7503620361059
Sri Madhopur,Rajasthan,27.499192552046843,75.69474999691154
Sikar,Rajasthan,27.402872384668626,75.00989016624095
Khaltse,Ladakh,34.533038608066235,76.95870868248043
Sulthan Bathery,Kerala,11.761813827430139,76.30965713060364
Afzalpur,Karnataka,17.27974458548986,76.39408462146355
Narpatganj,Bihar,26.233270419492403,87.10639660152943
Sleemnbad,Madhya Pradesh,23.609732300781406,80.17455906128573
Murarai,West Bengal,24.42796888560631,87.82330265959719
Ngari Diqu,Tibet Autonomous Region,33.172120146854525,79.22552053346998
Nala,Jharkhand,23.93024008925699,87.03995464886356
Gudri,Jharkhand,22.63800159165028,85.16521228558133
Colonelganj,Uttar Pradesh,26.982415835018813,81.71530606187198
Chandrapur,Maharashtra,20.573322910619282,79.48762652748054
Chenga,Assam,26.17536212427889,91.1531645008075
Agamoni,West Bengal,26.28374633169946,89.738371989419
Sirohi,Rajasthan,24.822214241579182,72.61933812593429
Duni,Rajasthan,25.895177522567955,75.70656251255437
Palojori,Jharkhand,24.107461003090975,86.94265988680338
Walong,Arunachal Pradesh,28.13635249101114,96.97264061717621
Nagaur,Rajasthan,27.53357217836172,73.66175380158259
Palakkad,Kerala,10.827374612450313,76.80934051267477
Piprasi,Bihar,27.1236406002662,83.9856351896326
Washim,Maharashtra,20.108348916446232,76.83156513994416
Jodhpur,Rajasthan,26.36755066622304,72.84324847855648
Abu Road,Rajasthan,24.396491871895407,72.82087729061298
Sonai,Assam,24.62589897846174,92.94619643404435
Rasipuram,Tamil Nadu,11.525505037440809,78.24546450114813
Binpur,West Bengal,22.59610036825032,87.05375158672719
Balipatna,Odisha,20.191635182648298,86.00005781507491
Hanumangarh,Rajasthan,28.928821928429194,74.36086233914634
Latur,Maharashtra,18.25618673814875,76.50925445392488
Rasol,Odisha,20.691226813306606,85.39492140559895
Mohadi,Maharashtra,21.284971382617975,79.79208947595046
Ballari,Karnataka,14.960937826223633,76.437255951266
Satara,Maharashtra,17.299402993753063,74.15422195251197
Akola,Maharashtra,20.89775980715838,76.74838404073272
Champhai,Mizoram,23.595327141470047,93.32449265571255
Rasra,Uttar Pradesh,25.91903457640512,83.89821687414617
Hura,West Bengal,23.31337161398049,86.49599819520554
Richukrong,Arunachal Pradesh,27.393090442846077,92.89185720578622
Idukki,Kerala,9.799773606499626,77.19283357865733
Jabalpur,Madhya Pradesh,22.953088600419616,79.88498880056676
Ahmednagar,Maharashtra,19.086671861172032,74.8818132506093
Rann Of Kachchh,Gujarat,23.737800214344208,71.00272373350818
Jaisalmer,Rajasthan,27.40765695408795,71.11975893659402
Ambad,Maharashtra,19.56688050977515,75.67130602649124
Adhaura,Bihar,24.720899215105117,83.55313263868456
Leh,Ladakh,35.08611383392946,77.82794310923745
Jharsuguda,Odisha,21.78306459555592,83.80967718434161
Kondapi,Andhra Pradesh,15.417133269391174,79.8252713216424
Pali,Madhya Pradesh,23.43705781081298,81.31105090761739
Giba,Arunachal Pradesh,28.160964152153745,93.97200211236304
Jalandhar,Punjab,31.402356362438223,75.66051666288186
Rani,Rajasthan,25.532693056718728,73.35400546511792
Narsinghgarh,Madhya Pradesh,23.706432209160088,76.7959063010084
Amravati,Maharashtra,21.14686075154649,77.23665462454846
Nadoti,Rajasthan,26.62465134701951,76.75498077792582
Tiruppur,Tamil Nadu,10.977751603022071,77.22412962081685
Oudgi,Chhattisgarh,23.790245697807194,82.69089691193503
Bhairamgarh,Chhattisgarh,19.268672361080462,80.69630777600287
Rawatsar,Rajasthan,29.008379013251055,74.0928479546895
Jamiri,Arunachal Pradesh,27.151526272722627,92.51144855552037
Arni,Maharashtra,20.145424607429465,77.98840091624128
Lunkaransar,Rajasthan,28.647499862503153,73.65985861920859
Wakching,Nagaland,26.65743790425805,94.8355810486742
Boipariguda,Odisha,18.757481694441534,82.19603830193638
Poreyahat,Jharkhand,24.600303401925128,87.29902088001187
Hinganghat,Maharashtra,20.39576722779353,78.72219248989836
Karimganj,Assam,24.56222721224138,92.37239273252641
Satara,Maharashtra,18.03491254442726,73.86381270794917
Kundam,Madhya Pradesh,23.21220101739675,80.26867995671641
Dambuk,Arunachal Pradesh,28.32160168676892,95.48978092775766
Warora,Maharashtra,20.332478350074837,79.08838832790619
Gaurihar,Madhya Pradesh,25.236983451224624,80.39378473475529
Umred,Maharashtra,20.743723264809315,79.13209490546566
Devbhumi Dwarka,Gujarat,22.142318300552436,69.06862587833163
Kolhapur,Maharashtra,16.49532826360735,74.05531492476945
Chandel,Manipur,24.45780482329782,93.98523732036485
Kargil,Ladakh,34.41399533197525,75.77984800859903
Phulambri,Maharashtra,20.06815717717744,75.44859188447728
Bajju,Rajasthan,28.042021405127187,72.46864448326625
Diphu,Assam,25.840996791640325,93.3042410518997
Talbehat,Uttar Pradesh,25.096548060922707,78.54131674022392
Dammapeta,Telangana,17.38679625049935,80.92400991382826
Mamada,Telangana,19.116246970526255,78.54587945998428
Dataganj,Uttar Pradesh,28.139646601327886,79.33849292570439
Tarn Taran,Punjab,31.19712628875041,74.96949057268995
Rawatbhata,Rajasthan,24.771170951068875,75.51848915705254
Jaipur,Rajasthan,27.498074671188828,76.08394076195864
Memari,West Bengal,23.278822417895753,88.0642649441983
Ngopa,Mizoram,23.750259558551893,93.2056399557354
Nagapattinam,Tamil Nadu,10.456904527606024,79.78664557965259
Tumsar,Maharashtra,21.505171935862336,79.84695330209827
Leh,Ladakh,34.135156323677236,78.70448485859407
Darjeeling,West Bengal,26.989255930081264,88.15973666507554
Neemuch,Madhya Pradesh,24.49396047164911,74.7117696430082
Sirohi,Rajasthan,24.427877619583683,72.70182188320267
Dindigul,Tamil Nadu,10.330025029457817,78.05422808687214
Dhar,Madhya Pradesh,22.608408893071637,75.27927627540987
Muddebihal,Karnataka,16.222928123983245,76.25097123146963
Leh,Ladakh,34.15721165558869,77.80121906342701
Parseoni,Maharashtra,21.47638811559374,79.10038447600394
Leh,Ladakh,35.41177921234541,77.69949578496215
Pune,Maharashtra,18.480540877550766,74.26507893685171
Ganjam,Odisha,19.053705499072407,84.48463014204842
Kalghatgi,Karnataka,15.096998151902941,75.03074108683404
Khurai,Madhya Pradesh,24.113749901041384,78.22268908538776
Banda,Uttar Pradesh,25.661186441141805,80.34268126927667
Bhandaria,Jharkhand,23.727930369375116,83.78005856805724
Baran,Rajasthan,25.098202608700685,76.34085875799848
Kurai,Madhya Pradesh,21.828168143064158,79.52054999366139
Barhi,Jharkhand,24.28345394988269,85.61032280577933
Amla,Madhya Pradesh,21.93790066608844,78.2809287149407
Bargarh,Odisha,21.271620192002043,83.69085609363081
Upleta,Gujarat,21.697249020086364,70.26361713698611
Goghat,West Bengal,22.91230366547989,87.62958832857204
Kolayat,Rajasthan,27.72855928928746,72.45380469025098
Kaza,Himachal Pradesh,32.18342176231289,78.38230346042896
Rajpura,Punjab,30.51969302203695,76.78012229437061
Buldhana,Maharashtra,20.08552622261382,76.46948738369122
Desali,Arunachal Pradesh,28.54628100763985,96.24336738957741
Kunkuri,Chhattisgarh,22.669396908972125,83.92831763871533
Leh,Ladakh,33.920074436852154,77.6527470830131
Deoband,Uttar Pradesh,29.828175436050522,77.68818146980342
Behat,Uttar Pradesh,30.257323202271863,77.71077575214403
Sonhat,Chhattisgarh,23.543307852386512,82.41787743089073
Khalilabad,Uttar Pradesh,26.702901031121122,83.05447163829098
Ferozepore,Punjab,30.95131823904445,74.96403280286079
Dahanu,Maharashtra,19.94385520003118,72.8107987641799
Harur,Tamil Nadu,12.01005136413375,78.62400545386704
Kokasara,Odisha,19.55314626672324,82.60186384071085
Panthalur,Tamil Nadu,11.57684960251416,76.35393567656865
Bhopalgarh,Rajasthan,26.64139456953361,73.40227317907802
Dhule,Maharashtra,20.951563103832434,74.64186398210458
Ankola,Karnataka,14.76335651781248,74.4045801431582
Fatehgarh,Rajasthan,26.408350304675267,70.8954705900135
Narayanpur,Chhattisgarh,19.47688628725401,81.27595958219682
Ilayangudi,Tamil Nadu,9.704288080339769,78.5955871238107
Dungargarh,Rajasthan,28.189325638505277,73.79766800417632
Sangole,Maharashtra,17.22914367062334,75.30981807650767
Mohammadabad,Uttar Pradesh,25.654724776754236,83.88833914989114
Katni,Madhya Pradesh,23.638298754134617,80.21999521431394
Sadar,Odisha,19.86737291238498,83.09864502456378
Sakri,Maharashtra,21.155658118763427,74.09167023064849
Khimiyang,Arunachal Pradesh,26.99905987966325,95.7394266675029
Sonepur,Bihar,25.752949937086083,85.09349499100259
Jaisinagar,Madhya Pradesh,23.57098972550418,78.53589392201457
Rawatsar,Rajasthan,29.120311459855046,74.20343826387682
Jakhnidhar,Uttarakhand,30.300523826424346,78.528132072354
Raisinghnagar,Rajasthan,29.68391371131365,73.44068564415454
Varikuntapadu,Andhra Pradesh,15.043521296352043,79.34561247356544
Leh,Ladakh,34.51735798884216,78.44495717251326
Kultali,West Bengal,21.96955131257286,88.51817555533282
Baihar,Madhya Pradesh,22.213395596774117,80.94750366693347
Nagpur,Maharashtra,21.036375954066663,78.97926935150554
Parbhani,Maharashtra,19.055934570071653,76.48509489377767
Tiruvannamalai,Tamil Nadu,12.669717332509368,79.23349689915077
Wai,Maharashtra,17.87805642554424,74.01258496591021
Banda,Madhya Pradesh,24.20495086931546,78.87779546880981
Udaipurwati,Rajasthan,28.040576530136985,75.53731198955948
Purunakot,Odisha,20.650362949341783,84.74933539929954
Ludhiana,Punjab,30.987084284694614,75.69143817240354
Gollapalli,Telangana,18.823566245749845,79.0134876416727
Resubelpara,Assam,25.92672032891252,90.74496404107565
Bishunpur,Jharkhand,23.4030092040882,84.34182251660248
Palam,Maharashtra,18.99922590975991,76.90994022647648
Yongnyah,Nagaland,26.571898832282,94.81071577298603
Laju,Arunachal Pradesh,26.876950583833153,95.49948746064535
Limeking,Arunachal Pradesh,28.553444365105246,93.621619923434
Kurupam,Andhra Pradesh,18.894996488611113,83.63954367248934
Gunnor,Madhya Pradesh,24.484548113327616,80.35976122485917
Deoria,Uttar Pradesh,26.53941440574827,84.03535431049548
Ngari Diqu,Tibet Autonomous Region,31.40981983511672,79.03366631363073
Manasa,Madhya Pradesh,24.325074244630486,75.22830741790497
Kishtwar,Jammu and Kashmir,33.31605302960092,75.81849538779775
Masat,West Bengal,22.752746771624118,88.20074043345926
Sanguem,Goa,15.184385213165763,74.2798802219766
Annapureddypalli,Telangana,17.360117938466594,80.7185015063074
Mahagaon,Maharashtra,19.720616681786954,77.66906127090542
Bhavnagar,Gujarat,21.38985454302034,71.70827492318423
Pipalda,Rajasthan,25.726949290291927,76.49531974282044
Shankarampet,Telangana,17.92256777291581,78.39342657187437
Guntur,Andhra Pradesh,16.386338248023296,80.4916608743647
Tarhasi,Jharkhand,24.10427676727027,84.52583244481583
Aundha,Maharashtra,19.69272450491632,76.97307308480521
Utkoor,Telangana,16.631988547029145,77.5744426578578
Tumsar,Maharashtra,21.510445769432298,79.51067134765762
Vijaypur,Madhya Pradesh,25.834248335857026,77.37254903097983
Hassan,Karnataka,12.733273162419966,75.74814044544186
Bheemini,Telangana,19.212852329584642,79.58848224242274
Kaij,Maharashtra,18.778935037479645,75.91616485775256
Dindori,Madhya Pradesh,23.016837358543615,81.0105972879642
Dohad,Gujarat,22.794823089097683,74.381519644479
Puncha,West Bengal,23.194626382224353,86.464979549751
Devanakonda,Andhra Pradesh,15.581973237947079,77.63640079339902
Bukkapatnam,Andhra Pradesh,14.300640600657399,77.85829581152225
Munsiari,Tibet Autonomous Region,30.58568800399145,80.13646333220315
Mettupalayam,Tamil Nadu,11.205982221028314,76.76855700225858
Bhadohi,Uttar Pradesh,25.426955498701982,82.50941309771383
Dhanaau,Rajasthan,25.423822577571915,71.2170858665977
Tirunelveli,Tamil Nadu,8.789777530411461,77.5749450342012
Makhdumpur,Bihar,25.097725406957128,85.05687980717276
Mehmedabad,Gujarat,22.841472291514442,72.70826515591236
Gariaband,Chhattisgarh,19.96803924776204,82.42943139549577
Athmallik,Odisha,20.762722752746058,84.41038342032773
Tamnar,Chhattisgarh,22.19195099593446,83.4933884441349
Pawai,Madhya Pradesh,24.271001328252556,80.55272924313161
Brahmamgarimattam,Andhra Pradesh,14.727134680584989,78.88198394634443
Basukedar,Uttarakhand,30.433426085163404,79.0484442912293
Bhadravati,Maharashtra,20.210459952821253,79.09386795291097
Rairakhol,Odisha,21.105101523682812,84.46596426247973
Siwan,Bihar,26.266758587866757,84.26195468749407
Ranipet,Tamil Nadu,12.685053452526237,79.43208814590439
Murarai,West Bengal,24.422027250467647,87.91881697676644
Ramnagar,Uttar Pradesh,27.091947237908123,81.3392504104298
Gogunda,Rajasthan,24.626915220722235,73.52762969789623
Sheosagar,Bihar,24.805155683567477,83.90057853143094
Sardarshahar,Rajasthan,28.75883897984175,74.42732077328711
Sindkhed Raja,Maharashtra,19.895690022298318,76.1465296598835
Bilkhawthlir,Mizoram,24.25522280543085,92.71870384391276
Bhoodan Pochampally,Telangana,17.37799793623615,78.74192117412821
Bangapani,Uttarakhand,29.938857349721204,80.41366996521403
Chabua,Assam,27.532771597515655,95.20489108593638
Badi,Madhya Pradesh,23.057133633463444,78.19458929759058
Wazeerpur,Rajasthan,26.61221367767804,76.87272081944592
Mainpuri,Uttar Pradesh,27.015514779356398,78.95935744043868
Lalbarra,Madhya Pradesh,21.919633507760707,79.99547348182143
Manavadar,Gujarat 362630,21.489496707279372,70.16180116849004
Nasirabad,Rajasthan,26.168105074043602,74.65978415610444
Washi,Maharashtra,18.510909014479317,75.89731537306248
Dharchula,Uttarakhand,30.481061293226286,80.39731098622589
Uri,Jammu and Kashmir,34.07245972097054,74.00712323727461
Thalavadi,Tamil Nadu,11.612290217160908,76.85840521611841
Rajnagar,Odisha,20.62885925261568,86.8683666453314
Haveri,Karnataka,14.962678411422807,75.68437036543271
Donka,Assam,25.965050075104536,92.19281564826005
Palkot,Jharkhand,22.806735032183706,84.58349502065035
Kesli,Madhya Pradesh,23.291333755418357,78.80109229199974
Aron,Madhya Pradesh,24.47369873494574,77.42507496117746
Padum,Ladakh,33.313355924277495,77.22310504656136
Sudhagad,Maharashtra,18.666613502997546,73.30676773146277
Padra,Gujarat,22.25711134658708,72.97971050099304
Canning,West Bengal,22.37018323911393,88.74551338091683
Pune,Maharashtra,18.0976325280308,74.5144962082863
Chintamani,Karnataka,13.602154176309908,78.03105722435488
Anelih,Arunachal Pradesh,28.50095251832901,95.63733237538305
Guthani,Bihar,26.2087238991618,84.03450029985171
Leh,Ladakh,34.02727981480552,77.44547167647835
Barghat,Madhya Pradesh,21.901351213076197,79.71264502927774
Krishna,Andhra Pradesh,16.278819099183785,81.04595735670625
Lalganj,Uttar Pradesh,24.76703293297792,82.43986867677569
Bagalkot,Karnataka,16.257755271503264,75.72408977082691
Dalmau,Uttar Pradesh,26.04053857626118,81.1656766487693
Ahmednagar,Maharashtra,19.627581606001975,74.80847820901403
Rajgarh,Madhya Pradesh,23.547924566694192,76.46983366587075
Chitalwana,Rajasthan,24.798261820221846,71.49457257420475
Bharatpur,Chhattisgarh,23.759329249601308,82.12147852083291
Leh,Ladakh,33.362794762837936,78.5158220843007
Nawagarh,Chhattisgarh,21.913952689054668,81.56860690453927
Chikhli,Gujarat,20.668276017100816,73.07520127142111
Mirzapur,Uttar Pradesh,25.20895973831632,82.29349220283827
Basti,Uttar Pradesh,26.625290656995553,82.65448654336052
Dhule,Maharashtra,21.212678467016232,74.9361750804064
Jambughoda,Gujarat,22.407335632609026,73.693143548123
Paparahandi,Odisha,19.398176405552896,82.51802041741325
Deesa,Gujarat,24.098221530366978,72.12876649884375
Patan,Maharashtra,17.257763340812822,73.8799614438822
Dirang,Arunachal Pradesh,27.462468890341366,92.15607115557732
Kaza,Himachal Pradesh,31.952668087162284,78.43844704534615
Krishnagar,West Bengal,23.451460340921308,88.60913648151936
Sangli,Maharashtra,16.867621866267577,74.75608982012086
Badin,Sindh,24.211871830051926,68.86588390601091
Deori,Madhya Pradesh,23.113036753797733,78.61306549179676
Un,Uttar Pradesh,29.65791743979087,77.28405954608677
Bhoranj,Himachal Pradesh,31.613888465470538,76.66470046938322
Jaipur,Rajasthan,27.05308661954644,75.24720089551421
Dondi Luhara,Chhattisgarh,20.72925135774466,81.00234136631856
Bagicha,Chhattisgarh,22.976412992671712,83.62924696124219
Sirathu,Uttar Pradesh,25.643476859261224,81.24488908591893
Deoria,Uttar Pradesh,26.33304741796056,83.75672657905484
Dambuk,Arunachal Pradesh,28.287195176892315,95.64014190908372
Sri Muktsar Sahib,Punjab,30.33760902796829,74.6740351026487
Madhugiri,Karnataka,13.811966653574508,77.33306311924143
Khujner,Madhya Pradesh,23.879056179548954,76.60265898105912
Farsabahar,Chhattisgarh,22.56862379402571,83.9681018582322
Ashta,Madhya Pradesh,23.113602901358036,76.75338927145737
Khargram,West Bengal,24.1735451591003,87.98698812697506
Baheri,Uttar Pradesh,28.861777621292212,79.49416420234986
Bilaspur,Chhattisgarh,22.13651596116977,82.24025316234184
Shiggaon,Karnataka,15.075034437072144,75.2648998015082
Belur,Karnataka,13.20461102873022,75.90452861775232
Nainital,Uttarakhand,29.488871440114384,79.1280019462404
Champua,Odisha,21.994622888023,85.65626840120368
Kasipet,Telangana,19.049745827712936,79.47006016314567
Gadraroad,Rajasthan,26.10219083443429,70.31900076988093
Turumunga,Odisha,21.729869177010233,85.68333013392139
Sultanganj,Bihar,25.165007994623355,86.71017679097574
Jonai,Assam,27.681090554581882,94.89268805873323
Nohar,Rajasthan,29.316468412723072,74.83402464975609
Kishanganj,Bihar,26.318135748628983,87.7699166254508
Akkalkuwa,Maharashtra,21.611429303121483,73.83424121365205
Satna,Madhya Pradesh,24.363282197788635,81.03637050387877
Parajang,Odisha,20.919810202742728,85.43543324464535
Boath,Telangana,19.334716869272594,78.31694583758124
Jintur,Maharashtra,19.739910225708964,76.6962495767541
Sedwa,Rajasthan,25.043790686526055,70.93286055042917
Yadiki,Andhra Pradesh,15.07139851917233,77.86747127121671
Ghaat,Uttarakhand,30.189615552726515,79.51743852175582
Tilda,Chhattisgarh,21.58255582608125,81.80653204872421
Junnar,Maharashtra,19.261290640383613,73.69869682223556
Dhamdha,Chhattisgarh,21.441416934184197,81.19266830067755
Tiruchirappalli,Tamil Nadu,10.812284048699592,78.77461540055947
Chamarajanagara,Karnataka,11.82302844193548,76.75461568890208
Santalpur,Gujarat,23.920538768497153,71.17796043866137
Mendhar,Jammu and Kashmir,33.591500327689346,74.24853655302313
Rampura Phul,Punjab,30.167217827525256,75.19996395455871
Jaisalmer,Rajasthan,26.960433613236027,70.64776724059175
Chhindwara,Madhya Pradesh,22.146099413650376,78.72338233863748
Kegaon,Odisha,20.13766588234667,82.97579547847076
Bansdih,Uttar Pradesh,25.90804059170494,84.31201245604055
Kangra,Himachal Pradesh,32.0870395989182,76.18433027187683
Washim,Maharashtra,20.05845052219061,76.7728600886257
Kaza,Himachal Pradesh,32.460427976082315,77.86520993677921
Amethi,Uttar Pradesh,26.441724020823308,81.61831546709335
Karnal,Haryana,29.51107284342308,76.72702712061204
Sivaganga,Tamil Nadu,10.19419959583026,78.47849129569506
Sorab,Karnataka,14.464556258521007,74.95440770471396
